{
  "lib/locator.dart": 1777367333.177594,
  "lib/router.dart": 1777030222.007847,
  "lib/main.dart": 1777325577.9743145,
  "lib/splash_screen.dart": 1777326256.8750126,
  "lib/constants/static_data.dart": 1777325661.9941885,
  "lib/constants/app_colors.dart": 1777199654.2316208,
  "lib/providers/store_provider.dart": 1777363836.149024,
  "lib/providers/order_provider.dart": 1777327939.3335416,
  "lib/providers/auth_provider.dart": 1777327854.841605,
  "lib/providers/notification_provider.dart": 1776905589.7254205,
  "lib/providers/cart_provider.dart": 1777328086.2272909,
  "lib/providers/theme_provider.dart": 1777034627.2802486,
  "lib/utils/price_calculator.dart": 1777331528.4580302,
  "lib/utils/color_mapper.dart": 1777200034.408093,
  "lib/utils/checkout_coordinator.dart": 1777324509.68213,
  "lib/repositories/order_repository.dart": 1777331547.1867678,
  "lib/repositories/menu_repository.dart": 1777201040.4818947,
  "lib/repositories/auth_repository.dart": 1777201038.4698164,
  "lib/models/rider.dart": 1776767219.1457653,
  "lib/models/order.dart": 1776963739.4983902,
  "lib/models/user.dart": 1776964243.64509,
  "lib/models/notification_item.dart": 1777199381.9887855,
  "lib/models/menu_item.dart": 1776767170.4046345,
  "lib/models/store.dart": 1777324302.8043597,
  "lib/models/cart_item.dart": 1777331645.1061647,
  "lib/screens/notifications_screen.dart": 1777036493.3033385,
  "lib/screens/checkout_screen.dart": 1777331602.7650976,
  "lib/screens/stores_screen.dart": 1777328573.3089466,
  "lib/screens/search_screen.dart": 1777036357.118657,
  "lib/screens/tabs/tabs_shell.dart": 1777324154.387818,
  "lib/screens/tabs/cart_screen.dart": 1777331928.8075643,
  "lib/screens/tabs/orders_screen.dart": 1777324138.937447,
  "lib/screens/tabs/profile_screen.dart": 1777035873.5859456,
  "lib/screens/tabs/home_screen.dart": 1777327867.003619,
  "lib/screens/tabs/profile/sheets/top_up_sheet.dart": 1777038506.8585708,
  "lib/screens/tabs/profile/sheets/verification_sheet.dart": 1777035857.0610592,
  "lib/screens/tabs/profile/sheets/edit_profile_sheet.dart": 1777038396.0073445,
  "lib/screens/tabs/profile/widgets/unauthenticated_view.dart": 1777038342.1412797,
  "lib/screens/tabs/profile/widgets/profile_header.dart": 1777038174.4475038,
  "lib/screens/tabs/profile/widgets/wallet_card.dart": 1777040082.6987636,
  "lib/screens/tabs/profile/widgets/bottom_sheet_scaffold.dart": 1777038147.3493836,
  "lib/screens/tabs/profile/widgets/verification_tile.dart": 1777324145.3916001,
  "lib/screens/tabs/profile/widgets/settings_tile.dart": 1777038208.527051,
  "lib/screens/auth/register_screen.dart": 1777036600.3010113,
  "lib/screens/auth/login_screen.dart": 1777036587.2451832,
  "lib/screens/auth/widgets/backbutton.dart": 1776874789.8217895,
  "lib/screens/auth/widgets/auth_prompt.dart": 1776876149.033816,
  "lib/screens/auth/widgets/custom_button.dart": 1777331900.6058187,
  "lib/screens/auth/widgets/apptextfield.dart": 1777317439.3590658,
  "lib/screens/auth/widgets/constants.dart": 1776908454.52019,
  "lib/screens/store/store_detail_screen.dart": 1777331908.9127827,
  "lib/screens/store/item_detail_screen.dart": 1777328119.1521366,
  "lib/screens/store/components/item_detail_header.dart": 1777200047.2042344,
  "lib/screens/store/components/item_detail_scroll_body.dart": 1777200248.232239,
  "lib/screens/store/components/item_detail_footer.dart": 1777200117.4944477,
  "lib/screens/store/components/item_detail_options.dart": 1777200111.1186411,
  "lib/screens/store/components/item_detail_hero.dart": 1777200045.198795,
  "lib/screens/store/components/item_detail_dialogs.dart": 1777200119.5074773,
  "lib/theme/app_spacing.dart": 1777200988.753577,
  "lib/services/ably_service.dart": 1777331580.847775,
  "lib/services/api_service.dart": 1777199637.730028,
  "lib/widgets/home/store_section.dart": 1777036610.229583,
  "lib/widgets/home/search_bar.dart": 1777328380.195975,
  "lib/widgets/home/category_selector.dart": 1777328477.7964656,
  "lib/widgets/home/store_banner.dart": 1777328457.865259,
  "lib/widgets/home/menu_grouped_list.dart": 1777036632.6367507,
  "lib/widgets/home/featured_meals.dart": 1777331914.6373158,
  "lib/widgets/home/cart_bar.dart": 1777036782.9027836,
  "lib/widgets/home/menu_item_card.dart": 1777328496.9506726,
  "lib/widgets/home/item_options_sheet.dart": 1777328138.9402199,
  "lib/widgets/home/store_tabs.dart": 1777201422.0609336,
  "lib/widgets/home/location_selector.dart": 1777325675.363471,
  "lib/widgets/home/home_header.dart": 1777325596.3893626,
  "lib/widgets/checkout/top_up_sheet.dart": 1777325785.7166493,
  "lib/widgets/cart/cart_item_tile.dart": 1777331665.1508148,
  "lib/widgets/cart/empty_cart_view.dart": 1777326104.53009,
  "lib/widgets/cart/checkout_bar.dart": 1777035762.6154344,
  "lib/widgets/cart/editing_banner.dart": 1776913459.6469603,
  "lib/widgets/cart/order_summary.dart": 1777325816.2688818,
  "lib/widgets/cart/frequently_added_section.dart": 1777325805.3043964,
  "lib/widgets/orders/active_order_tracker.dart": 1777317439.360307,
  "lib/widgets/orders/order_timeline.dart": 1777324157.9937117,
  "lib/widgets/orders/order_history_card.dart": 1777317439.3796835,
  "lib/widgets/orders/login_required_view.dart": 1777328646.2100453
}